area,target
85.40343435597191,145.86910038521074
130.85226327351478,198.96459544798017
64.75311435980115,123.97637147481635
80.94230269710167,144.27813759254164
74.31042874736704,104.32252986095733
57.22149920768736,112.19789862035837
98.76311283328607,150.3710362231615
144.78180916096053,210.49088228202032
113.1026330040148,198.79061662351654
31.709152578732667,65.64975976856793
54.71504553831919,103.68953079306324
38.69235440010513,92.17816501583154
32.77148652542978,83.17504066141724
112.85923885631735,177.27041022042522
73.05253983979497,152.1195461656563
64.1514638512979,115.2604591598609
147.1506126711504,263.44660809300217
128.31358054028897,218.83475716432147
33.47761808896385,68.97227704461393
76.29497309360531,133.18841474957756
50.16580546878535,98.3499426063005
72.04890145890035,122.00951916681085
113.87933204754856,211.12731114649367
126.78023784386353,231.33770152333838
123.48658696058126,190.5702757879804
125.74477454358792,184.60022015208583
73.69961274339389,147.26908884212585
33.352449050647735,68.32033200016018
107.65546254332025,203.75478132696577
51.687165590872496,82.60510499689974
108.87219512832239,153.4883380129036
48.110508694933074,72.08934471737814
82.05713241089828,158.63022710435152
100.69482044787068,170.95527361264706
53.60473961031807,105.15362482545265
77.60165695809363,131.3224229960499
79.83558206540383,132.4408581455378
148.56456698434323,252.03311879117746
133.59900363476027,217.30233695712207
134.57063689515593,233.80476296574534
88.67557205709667,146.12981765120412
120.01685517965501,192.57122142041436
45.520826642242106,88.46032348142514
34.49947901303818,67.57360887958215
84.38212516449303,140.00747146332736
51.146127418844436,97.70878882974989
47.5409170492649,106.86362808734233
95.18069110585373,177.26606427842654
80.17473861422727,140.57116454179746
60.22017736385446,107.95615184990181
37.46973859424251,83.6923143640614
42.26251400978022,83.90941346944464
49.476382532651684,97.58677590768825
124.69625172243316,208.07980302002207
100.37246017991541,179.13807645458888
39.66975614401663,65.1174149555981
57.20873880379018,94.63308980612102
74.00397501134145,122.1987860428059
135.05733741970658,215.3724755858791
88.1955276409628,160.98491048762142
86.89180049035733,148.1570686377017
99.58742451389907,147.2731002464223
34.70487084569252,62.02508698483237
49.37263326317178,116.50962455908527
44.16789339059545,118.90511847852332
125.95724938195922,211.1813380938167
85.91873509919205,143.81884500039814
148.19112607090688,263.89532686183355
138.0370005460937,243.15622442450533
105.29198668867072,192.83943632367652
90.89228798273044,159.43814901530814
36.479147186854824,62.58258083158599
45.24460407574372,103.01327388609539
47.3106100028925,98.57651097182791
40.8855616012638,83.17763283241383
114.17904255653087,187.6257442931762
117.53343473270611,188.36573907537735
101.32438525260221,189.0226497309739
132.31545584959926,226.1218418755244
50.045044144120354,97.10114084428008
127.93516309440376,218.85344186868474
106.11474788228509,182.49895743802756
118.78476244508569,177.37558214967612
40.17341837404561,66.23869500261509
50.40043919662746,89.27609293583782
122.18795861670249,206.0894797966401
146.50682126853172,231.11016384098616
149.17232660456568,260.0308375409689
74.68770512708775,123.62960476699703
147.42014912627673,243.61709563395166
77.08546882695224,131.11045011322173
111.64799678181431,178.1107633572364
59.29158128665834,95.86331257236178
123.8763460917708,183.5395222579289
68.85993177997949,133.4481211797561
47.592304667890886,86.92957280732091
135.01649946881147,215.92270431448205
91.8589719684934,144.46661870479468
94.3058405168027,158.70205498709973
48.15179187353135,92.311768932416
134.91988528485837,224.44146828114128
100.26742362091665,174.98042521268857
103.68827853461745,180.9777899141749
142.0349766068912,221.1977024891518
70.8064382678812,126.454858116048
77.50061940833378,105.835262861171
55.32508047937786,86.79347636102807
42.17572416271158,81.47776430911918
69.9020639837532,134.9100457352747
71.11630058916022,124.58683203854514
69.55979940573148,128.03527113846135
137.94396120695427,231.49264715753915
136.0060591729815,228.76512736394005
144.60007575855997,231.31386906077114
56.78867575284174,99.71889677209961
95.72933588514694,167.4777365390146
78.16641814412418,155.45930969748585
80.27358013503935,141.49379806970646
71.68674552644418,134.88325677054343
143.3617314129525,241.2844072218929
